Rk,Squad,Country,LgRk,MP,W,D,L,GF,GA,GD,Pts,Pts/MP,Attendance,Top Team Scorer,Goalkeeper
1,Bayern Munich,de GER,1,34,28,5,1,122,36,+86,89,2.62,75000,Harry Kane - 36,Manuel Neuer
2,Barcelona,es ESP,1,38,31,1,6,95,36,+59,94,2.47,45099,Ferran Torres Lamine Yamal - 16,Joan García
3,Inter,it ITA,1,38,27,6,5,89,35,+54,87,2.29,73020,Lautaro Martínez - 17,Yann Sommer
4,Real Madrid,es ESP,2,38,27,5,6,77,35,+42,86,2.26,71549,Kylian Mbappé - 25,Thibaut Courtois
5,PSG,fr FRA,1,34,24,4,6,74,29,+45,76,2.24,45211,Bradley Barcola - 11,Lucas Chevalier
6,Arsenal,eng ENG,1,38,26,7,5,71,27,+44,85,2.24,60217,Viktor Gyökeres - 14,David Raya
7,Dortmund,de GER,2,34,22,7,5,70,34,+36,73,2.15,81365,Serhou Guirassy - 17,Gregor Kobel
8,Lens,fr FRA,2,34,22,4,8,66,35,+31,70,2.06,37564,Wesley Saïd Odsonne Édouard - 12,Robin Risser
9,Manchester City,eng ENG,2,38,23,9,6,77,35,+42,78,2.05,52634,Erling Haaland - 27,Gianluigi Donnarumma
10,Napoli,it ITA,2,38,23,7,8,58,36,+22,76,2.00,47632,Rasmus Højlund - 12,Vanja Milinković-Savić
11,Roma,it ITA,3,38,23,4,11,59,31,+28,73,1.92,61796,Donyell Malen - 14,Mile Svilar
12,RB Leipzig,de GER,3,34,20,5,9,66,47,+19,65,1.91,44164,Christoph Baumgartner - 13,Péter Gulácsi
13,Villarreal,es ESP,3,38,22,6,10,72,46,+26,72,1.89,17989,Georges Mikautadze - 13,Luiz Lúcio Reis Júnior
14,Como,it ITA,4,38,20,11,7,65,29,+36,71,1.87,11451,Anastasios Douvikas - 14,Jean Butez
15,Manchester Utd,eng ENG,3,38,20,11,7,69,50,+19,71,1.87,73960,Bryan Mbeumo Benjamin Šeško - 11,Senne Lammens
16,Milan,it ITA,5,38,20,10,8,53,35,+18,70,1.84,73373,Rafael Leão - 9,Mike Maignan
17,Juventus,it ITA,6,38,19,12,7,61,34,+27,69,1.82,40663,Kenan Yıldız - 10,Michele Di Gregorio
18,Stuttgart,de GER,4,34,18,8,8,71,49,+22,62,1.82,59441,Deniz Undav - 19,Alexander Nübel
19,Atlético Madrid,es ESP,4,38,21,6,11,62,44,+18,69,1.82,60855,Alexander Sørloth - 13,Jan Oblak
20,Lille,fr FRA,3,34,18,7,9,52,37,+15,61,1.79,43092,Hákon Haraldsson Matias Fernandez-Pardo - 8,Berke Özer
21,Hoffenheim,de GER,5,34,18,7,9,65,52,+13,61,1.79,26697,Andrej Kramarić - 14,Oliver Baumann
22,Lyon,fr FRA,4,34,18,6,10,53,40,+13,60,1.76,49848,Corentin Tolisso Pavel Šulc - 11,Dominik Greif
23,Leverkusen,de GER,6,34,17,8,9,68,47,+21,59,1.74,30016,Patrik Schick - 16,Mark Flekken
24,Marseille,fr FRA,5,34,18,5,11,63,45,+18,59,1.74,62612,Mason Greenwood - 16,Gerónimo Rulli
25,Rennes,fr FRA,6,34,17,8,9,59,50,+9,59,1.74,27765,Esteban Lepaul - 20,Brice Samba
26,Aston Villa,eng ENG,4,38,19,8,11,56,49,+7,65,1.71,41992,Ollie Watkins - 16,Emiliano Martínez
27,Monaco,fr FRA,7,34,16,6,12,60,54,+6,54,1.59,8165,Folarin Balogun - 13,Philipp Köhn
28,Real Betis,es ESP,5,38,15,15,8,59,48,+11,60,1.58,57427,Cucho - 11,Álvaro Vallés
29,Liverpool,eng ENG,5,38,17,9,12,63,53,+10,60,1.58,60368,Hugo Ekitike - 11,Alisson
30,Strasbourg,fr FRA,8,34,15,8,11,58,47,+11,53,1.56,27803,Joaquín Panichelli - 16,Mike Penders
31,Atalanta,it ITA,7,38,15,14,9,51,36,+15,59,1.55,22242,Gianluca Scamacca Nikola Krstović - 10,Marco Carnesecchi
32,Bournemouth,eng ENG,6,38,13,18,7,58,54,+4,57,1.50,11175,Eli Junior Kroupi - 13,Đorđe Petrović
33,Bologna,it ITA,8,38,16,8,14,49,46,+3,56,1.47,27588,Riccardo Orsolini - 10,Łukasz Skorupski
34,Celta Vigo,es ESP,6,38,14,12,12,53,48,+5,54,1.42,20007,Borja Iglesias - 14,Ionuț Radu
35,Lazio,it ITA,9,38,14,12,12,41,40,+1,54,1.42,29031,Pedro Gustav Isaksen - 5,Ivan Provedel
36,Sunderland,eng ENG,7,38,14,12,12,42,48,-6,54,1.42,46493,Brian Brobbey - 7,Robin Roefs
37,Brighton,eng ENG,8,38,14,11,13,52,46,+6,53,1.39,31388,Danny Welbeck - 13,Bart Verbruggen
38,Brentford,eng ENG,9,38,14,11,13,55,52,+3,53,1.39,17126,Igor Thiago - 22,Caoimhín Kelleher
39,Freiburg,de GER,7,34,13,8,13,51,57,-6,47,1.38,34118,Igor Matanović - 11,Noah Atubolu
40,Chelsea,eng ENG,10,38,14,10,14,58,52,+6,52,1.37,39594,João Pedro - 15,Robert Sánchez
41,Fulham,eng ENG,11,38,15,7,16,47,51,-4,52,1.37,27203,Harry Wilson - 10,Bernd Leno
42,Getafe,es ESP,7,38,15,6,17,32,38,-6,51,1.34,8196,Mauro Arambarri Martin Satriano - 6,David Soria
43,Toulouse,fr FRA,10,33,12,8,13,47,46,+1,44,1.33,25423,Yann Gboho - 8,Guillaume Restes
44,Udinese,it ITA,10,38,14,8,16,45,48,-3,50,1.32,22681,Keinan Davis - 10,Maduka Okoye
45,Rayo Vallecano,es ESP,8,38,12,14,12,41,44,-3,50,1.32,12017,Jorge de Frutos - 10,Augusto Batalla
46,Lorient,fr FRA,9,34,11,12,11,48,51,-3,45,1.32,15382,Bamba Dieng Pablo Pagis - 10,Yvon Mvogo
47,Newcastle,eng ENG,12,38,14,7,17,53,55,-2,49,1.29,52108,Bruno Guimarães - 9,Nick Pope
48,Everton,eng ENG,13,38,13,10,15,47,50,-3,49,1.29,52191,Beto - 9,Jordan Pickford
49,Paris FC,fr FRA,11,34,11,11,12,47,50,-3,44,1.29,16899,Ilan Kebbal - 9,Kevin Trapp
50,Sassuolo,it ITA,11,38,14,7,17,46,50,-4,49,1.29,15059,Andrea Pinamonti - 9,Arijanet Muric
51,Frankfurt,de GER,8,34,11,11,12,61,65,-4,44,1.29,59071,Jonathan Burkardt - 13,Michael Zetterer
52,Valencia,es ESP,9,38,13,10,15,46,55,-9,49,1.29,44699,Hugo Duro - 10,Stole Dimitrievski
53,Augsburg,de GER,9,34,12,7,15,45,61,-16,43,1.26,29787,Anton Kade Fabian Rieder... - 6,Finn Dahmen
54,Leeds United,eng ENG,14,38,11,14,13,49,56,-7,47,1.24,36695,Dominic Calvert-Lewin - 14,Karl Darlow
55,Real Sociedad,es ESP,10,38,11,13,14,59,61,-2,46,1.21,30697,Mikel Oyarzabal - 15,Álex Remiro
56,Espanyol,es ESP,11,38,12,10,16,43,55,-12,46,1.21,28646,Kiké - 8,Marko Dmitrović
57,Mainz 05,de GER,10,34,10,10,14,44,53,-9,40,1.18,31538,Nadiem Amiri - 12,Daniel Batz
58,Crystal Palace,eng ENG,15,38,11,12,15,41,51,-10,45,1.18,24997,Jean-Philippe Mateta - 12,Dean Henderson
59,Athletic Club,es ESP,12,38,13,6,19,43,58,-15,45,1.18,47617,Gorka Guruzeta - 10,Unai Simón
60,Parma,it ITA,13,38,11,12,15,28,46,-18,45,1.18,18689,Mateo Pellegrino - 9,Zion Suzuki
61,Torino,it ITA,12,38,12,9,17,44,63,-19,45,1.18,17011,Giovanni Simeone - 11,Alberto Paleari
62,Nottingham,eng ENG,16,38,11,11,16,48,51,-3,44,1.16,30425,Morgan Gibbs-White - 15,Matz Sels
63,Brest,fr FRA,12,34,10,9,15,43,55,-12,39,1.15,14411,Romain Del Castillo - 9,Grégoire Coudert
64,Union Berlin,de GER,11,34,10,9,15,44,58,-14,39,1.15,21996,Oliver Burke - 6,Frederik Rønnow
65,Elche,es ESP,15,38,10,13,15,49,57,-8,43,1.13,26434,André Silva - 10,Matías Dituro
66,Alavés,es ESP,14,38,11,10,17,44,56,-12,43,1.13,16801,Toni Martínez - 14,Antonio Sivera
67,Cagliari,it ITA,14,38,11,10,17,40,53,-13,43,1.13,16007,Sebastiano Esposito - 7,Elia Caprile
68,Sevilla,es ESP,13,38,12,7,19,46,60,-14,43,1.13,35688,Akor Adams - 10,Odysseas Vlachodimos
69,Gladbach,de GER,12,34,9,11,14,42,53,-11,38,1.12,51138,Haris Tabaković - 13,Moritz Nicolas
70,Hamburger SV,de GER,13,34,9,11,14,40,54,-14,38,1.12,56947,Fabio Vieira - 7,Daniel Heuer Fernandes
71,Osasuna,es ESP,17,38,11,9,18,44,50,-6,42,1.11,20560,Ante Budimir - 17,Sergio Herrera
72,Fiorentina,it ITA,15,38,9,15,14,41,50,-9,42,1.11,20400,Moise Kean - 8,David de Gea
73,Mallorca,es ESP,18,38,11,9,18,47,57,-10,42,1.11,17737,Vedat Muriqi - 23,Leo Román
74,Levante,es ESP,16,38,11,9,18,47,61,-14,42,1.11,20211,Carlos Espí - 11,Mathew Ryan
75,Tottenham,eng ENG,17,38,10,11,17,48,57,-9,41,1.08,61006,Richarlison - 11,Guglielmo Vicario
76,Genoa,it ITA,16,38,10,11,17,41,51,-10,41,1.08,30987,Lorenzo Colombo - 7,Nicola Leali
77,Girona,es ESP,19,38,9,14,15,39,55,-16,41,1.08,11931,Vladyslav Vanat - 9,Paulo Gazzaniga
78,Angers,fr FRA,13,34,9,9,16,29,48,-19,36,1.06,11740,Prosper Peter - 5,Hervé Koffi
79,Le Havre,fr FRA,14,34,7,14,13,32,44,-12,35,1.03,19253,Issa Soumaré - 8,Mory Diaw
80,West Ham,eng ENG,18,38,10,9,19,46,65,-19,39,1.03,62349,Jarrod Bowen - 9,Alphonse Areola
81,Auxerre,fr FRA,15,34,8,10,16,34,44,-10,34,1.00,16295,Lassine Sinayoko - 12,Donovan Léon
82,Lecce,it ITA,17,38,10,8,20,28,50,-22,38,1.00,25842,Lameck Banda - 5,Wladimiro Falcone
83,Köln,de GER,14,34,7,11,16,49,63,-14,32,0.94,49918,Said El Mala - 13,Marvin Schwäbe
84,Nice,fr FRA,16,34,7,11,16,37,60,-23,32,0.94,22078,Sofiane Diop - 8,Yehvann Diouf
85,Werder Bremen,de GER,15,34,8,8,18,37,60,-23,32,0.94,41282,Jens Stage - 10,Mio Backhaus
86,Cremonese,it ITA,18,38,8,10,20,32,57,-25,34,0.89,12259,Federico Bonazzoli - 10,Emil Audero
87,Wolfsburg,de GER,16,34,7,8,19,45,69,-24,29,0.85,24716,Dženan Pejčinović Mohamed Amoura - 8,Kamil Grabara
88,Heidenheim,de GER,17,34,6,8,20,41,72,-31,26,0.76,14824,Budu Zivzivadze - 6,Diant Ramaj
89,St Pauli,de GER,18,34,6,8,20,29,60,-31,26,0.76,29505,Danel Sinani - 5,Nikola Vasilj
90,Oviedo,es ESP,20,38,6,11,21,26,60,-34,29,0.76,24888,Federico Viñas - 9,Aarón Escandell
91,Nantes,fr FRA,17,33,5,8,20,29,52,-23,23,0.70,27478,Matthis Abline - 6,Anthony Lopes
92,Burnley,eng ENG,19,38,4,10,24,38,75,-37,22,0.58,21005,Zian Flemming - 11,Martin Dúbravka
93,Hellas Verona,it ITA,19,38,3,12,23,25,61,-36,21,0.55,22352,Gift Orban - 7,Lorenzo Montipò
94,Wolves,eng ENG,20,38,3,11,24,27,68,-41,20,0.53,29853,Santiago Bueno Tolu Arokodare... - 3,José Sá
95,Metz,fr FRA,18,34,3,8,23,32,76,-44,17,0.50,22217,Gauthier Hein - 8,Jonathan Fischer
96,Pisa,it ITA,20,38,2,12,24,26,71,-45,18,0.47,11033,Stefano Moreo - 7,Adrian Šemper