,,,,,,,,Playing Time,Playing Time,Playing Time,,Performance,Performance,Performance,Performance,Performance,Performance,Performance,Performance,Performance,Performance,Penalty Kicks,Penalty Kicks,Penalty Kicks,Penalty Kicks,Penalty Kicks,,
Rk,Player,Nation,Pos,Squad,Comp,Age,Born,MP,Starts,Min,90s,GA,GA90,SoTA,Saves,Save%,W,D,L,CS,CS%,PKatt,PKA,PKsv,PKm,Save%,,
1,Adrián,es ESP,GK,Real Betis,es La Liga,38,1987,1,1,90,1,1,1,7,6,85.7,1,0,0,0,0,0,0,0,0,,,
2,Julen Agirrezabala,es ESP,GK,Valencia,es La Liga,24,2000,18,18,1620,18,30,1.67,83,52,63.9,3,7,8,4,22.2,4,3,1,0,25,,
3,Alisson,br BRA,GK,Liverpool,eng Premier League,32,1992,26,26,2340,26,31,1.19,88,57,64.8,13,8,5,8,30.8,2,2,0,0,0,,
4,Nícolas Andrade,br BRA,GK,Pisa,it Serie A,37,1988,6,6,540,6,14,2.33,26,12,46.2,1,0,5,0,0,1,0,0,1,,,
5,Alphonse Areola,fr FRA,GK,West Ham,eng Premier League,32,1993,20,20,1800,20,37,1.85,113,76,67.3,4,5,11,0,0,6,5,0,1,0,,
6,Paul Argney,fr FRA,GK,Le Havre,fr Ligue 1,19,2006,1,1,90,1,1,1,3,2,66.7,1,0,0,0,0,0,0,0,0,,,
7,Kepa Arrizabalaga,es ESP,GK,Arsenal,eng Premier League,30,1994,1,1,90,1,1,1,3,2,66.7,1,0,0,0,0,0,0,0,0,,,
8,Noah Atubolu,de GER,GK,Freiburg,de Bundesliga,23,2002,34,34,3060,34,57,1.68,157,100,63.7,13,8,13,6,17.6,1,0,1,0,100,,
9,Emil Audero,id IDN,GK,Cremonese,it Serie A,28,1997,34,34,3060,34,50,1.47,173,123,71.1,8,7,19,11,32.4,6,4,2,0,33.3,,
10,Mio Backhaus,de GER,GK,Werder Bremen,de Bundesliga,21,2004,32,32,2880,32,56,1.75,156,100,64.1,7,8,17,5,15.6,5,5,0,0,0,,
11,Augusto Batalla,ar ARG,GK,Rayo Vallecano,es La Liga,29,1996,34,34,3060,34,37,1.09,128,91,71.1,10,13,11,11,32.4,6,5,1,0,16.7,,
12,Daniel Batz,de GER,GK,Mainz 05,de Bundesliga,34,1991,21,21,1890,21,27,1.29,97,70,72.2,9,7,5,4,19,1,1,0,0,0,,
13,Oliver Baumann,de GER,GK,Hoffenheim,de Bundesliga,35,1990,34,34,3060,34,52,1.53,150,98,65.3,18,7,9,7,20.6,7,5,0,2,0,,
14,Altay Bayındır,tr TUR,GK,Manchester Utd,eng Premier League,27,1998,6,6,540,6,11,1.83,24,13,54.2,2,1,3,0,0,0,0,0,0,,,
15,Walter Benítez,ar ARG,GK,Crystal Palace,eng Premier League,32,1993,1,1,90,1,0,0,3,3,100,0,1,0,1,100,1,0,0,1,,,
16,Daniel Bentley,eng ENG,GK,Wolves,eng Premier League,32,1993,3,3,270,3,7,2.33,14,7,50,0,1,2,0,0,1,1,0,0,0,,
17,Lucas Bergström,fi FIN,GK,Mallorca,es La Liga,22,2002,5,5,450,5,7,1.4,22,15,68.2,1,2,2,2,40,0,0,0,0,,,
18,Justin Bijlow,nl NED,GK,Genoa,it Serie A,27,1998,16,16,1395,15.5,20,1.29,65,45,69.2,6,3,7,5,31.3,5,5,0,0,0,,
19,Marco Bizot,nl NED,GK,Aston Villa,eng Premier League,34,1991,7,6,585,6.5,10,1.54,29,19,65.5,3,2,1,2,33.3,1,1,0,0,0,,
20,Janis Blaswich,de GER,GK,Leverkusen,de Bundesliga,34,1991,11,10,931,10.3,9,0.87,50,41,82,5,4,1,3,30,0,0,0,0,,,
21,Arnaud Bodart,be BEL,GK,Lille,fr Ligue 1,27,1998,3,2,226,2.5,3,1.19,7,4,57.1,0,0,2,0,0,1,1,0,0,0,,
22,Jean Butez,fr FRA,GK,Como,it Serie A,30,1995,38,38,3420,38,29,0.76,116,86,75,20,11,7,19,50,6,5,1,0,16.7,,
23,Elia Caprile,it ITA,GK,Cagliari,it Serie A,23,2001,38,38,3420,38,53,1.39,175,121,69.7,11,10,17,8,21.1,2,2,0,0,0,,
24,Dani Cárdenas,es ESP,GK,Rayo Vallecano,es La Liga,28,1997,4,4,360,4,7,1.75,26,19,73.1,2,1,1,1,25,2,1,1,0,50,,
25,Patrik Carlgren,se SWE,GK,Nantes,fr Ligue 1,33,1992,3,2,182,2,2,0.99,13,11,84.6,1,1,0,1,50,0,0,0,0,,,
26,Marco Carnesecchi,it ITA,GK,Atalanta,it Serie A,25,2000,37,37,3330,37,35,0.95,148,112,76.4,15,13,9,13,35.1,4,2,2,0,50,,
27,Lucas Chevalier,fr FRA,GK,PSG,fr Ligue 1,23,2001,17,17,1530,17,13,0.76,45,32,71.1,12,3,2,9,52.9,3,1,1,1,50,,
28,Oliver Christensen,dk DEN,GK,Fiorentina,it Serie A,26,1999,1,1,86,1,1,1.05,7,6,85.7,0,1,0,0,0,0,0,0,0,,,
29,Nikita Contini,it ITA,GK,Napoli,it Serie A,29,1996,1,0,11,0.1,0,0,0,0,,0,0,0,1,,0,0,0,0,,,
30,Edoardo Corvi,it ITA,GK,Parma,it Serie A,24,2001,17,17,1530,17,18,1.06,63,44,71.4,8,4,5,7,41.2,3,3,0,0,0,,
31,Grégoire Coudert,fr FRA,GK,Brest,fr Ligue 1,26,1999,25,24,2192,24.4,40,1.64,116,76,65.5,9,5,10,6,25,4,3,1,0,25,,
32,Thibaut Courtois,be BEL,GK,Real Madrid,es La Liga,33,1992,32,32,2880,32,28,0.87,98,70,71.4,24,3,5,13,40.6,4,4,0,0,0,,
33,Pablo Cuñat,es ESP,GK,Levante,es La Liga,23,2002,2,2,180,2,5,2.5,16,11,68.8,0,0,2,0,0,0,0,0,0,,,
34,Finn Dahmen,de GER,GK,Augsburg,de Bundesliga,27,1998,34,34,3060,34,61,1.79,166,105,63.3,12,7,15,5,14.7,7,6,1,0,14.3,,
35,Karl Darlow,wls WAL,GK,Leeds United,eng Premier League,34,1990,22,22,1980,22,27,1.23,90,63,70,7,8,7,5,22.7,2,2,0,0,0,,
36,Jeffrey De Lange,nl NED,GK,Marseille,fr Ligue 1,27,1998,5,5,450,5,11,2.2,24,13,54.2,3,0,2,1,20,0,0,0,0,,,
37,Théo De Percin,mq MTQ,GK,Auxerre,fr Ligue 1,24,2001,8,5,598,6.6,9,1.35,24,15,62.5,1,1,3,1,20,2,1,1,0,50,,
38,Rémy Descamps,fr FRA,GK,Lyon,fr Ligue 1,29,1996,5,5,450,5,3,0.6,17,14,82.4,3,1,1,4,80,0,0,0,0,,,
39,Raffaele Di Gennaro,it ITA,GK,Inter,it Serie A,31,1993,1,0,10,0.1,1,9,2,1,50,0,0,0,0,,0,0,0,0,,,
40,Michele Di Gregorio,it ITA,GK,Juventus,it Serie A,28,1997,30,29,2655,29.5,25,0.85,86,60,70.9,15,9,5,14,48.3,3,1,0,2,0,,
41,Mory Diaw,sn SEN,GK,Le Havre,fr Ligue 1,32,1993,30,30,2655,29.5,41,1.39,121,80,66.1,6,12,12,7,23.3,8,6,2,0,25,,
42,Stole Dimitrievski,mk MKD,GK,Valencia,es La Liga,31,1993,20,20,1800,20,25,1.25,77,52,67.5,10,3,7,5,25,4,3,0,1,0,,
43,Yehvann Diouf,sn SEN,GK,Nice,fr Ligue 1,25,1999,26,26,2340,26,45,1.73,136,91,66.9,6,7,13,5,19.2,7,5,1,1,16.7,,
44,Matías Dituro,ar ARG,GK,Elche,es La Liga,38,1987,22,22,1980,22,29,1.32,93,64,68.8,7,9,6,4,18.2,5,4,0,1,0,,
45,Marko Dmitrović,rs SRB,GK,Espanyol,es La Liga,33,1992,37,37,3330,37,54,1.46,187,133,71.1,12,9,16,10,27,5,5,0,0,0,,
46,Gianluigi Donnarumma,it ITA,GK,Manchester City,eng Premier League,26,1999,34,34,3060,34,29,0.85,106,75,72.6,22,9,3,15,44.1,1,0,1,0,100,,
47,Martin Dúbravka,sk SVK,GK,Burnley,eng Premier League,36,1989,35,35,3150,35,71,2.03,198,127,64.1,4,8,23,4,11.4,7,6,0,1,0,,
48,Maxime Dupé,fr FRA,GK,Nice,fr Ligue 1,32,1993,8,8,720,8,15,1.87,35,20,57.1,1,4,3,1,12.5,3,3,0,0,0,,
49,Melker Ellborg,se SWE,GK,Sunderland,eng Premier League,22,2003,3,3,270,3,2,0.67,12,10,83.3,2,0,1,1,33.3,0,0,0,0,,,
50,Aarón Escandell,es ESP,GK,Oviedo,es La Liga,29,1995,36,36,3240,36,56,1.56,201,145,72.1,6,11,19,10,27.8,7,5,2,0,28.6,,
51,Wladimiro Falcone,it ITA,GK,Lecce,it Serie A,30,1995,38,38,3420,38,50,1.32,158,108,68.4,10,8,20,10,26.3,6,4,2,0,33.3,,
52,Frank Feller,de GER,GK,Heidenheim,de Bundesliga,21,2004,3,3,270,3,5,1.67,20,15,75,1,0,2,0,0,0,0,0,0,,,
53,Aitor Fernández,es ESP,GK,Osasuna,es La Liga,34,1991,2,1,136,1.5,3,1.99,12,9,75,0,0,1,0,0,1,1,0,0,0,,
54,Jonathan Fischer,dk DEN,GK,Metz,fr Ligue 1,23,2001,27,26,2354,26.2,56,2.14,148,92,62.2,3,5,18,5,19.2,7,6,1,0,14.3,,
55,Mark Flekken,nl NED,GK,Leverkusen,de Bundesliga,32,1993,24,24,2129,23.7,38,1.61,117,79,67.5,12,4,8,5,20.8,7,7,0,0,0,,
56,Fortuño,es ESP,GK,Espanyol,es La Liga,23,2001,1,1,90,1,1,1,3,2,66.7,0,1,0,0,0,0,0,0,0,,,
57,Alessio Furlanetto,it ITA,GK,Lazio,it Serie A,23,2002,2,2,180,2,3,1.5,10,7,70,1,0,1,0,0,0,0,0,0,,,
58,Joan García,es ESP,GK,Barcelona,es La Liga,24,2001,30,30,2700,30,21,0.7,95,74,77.9,27,1,2,15,50,3,3,0,0,0,,
59,Paulo Gazzaniga,ar ARG,GK,Girona,es La Liga,33,1992,35,35,3102,34.5,47,1.36,162,115,71,9,13,13,6,17.1,5,4,0,1,0,,
60,David de Gea,es ESP,GK,Fiorentina,it Serie A,34,1990,37,37,3330,37,49,1.32,169,119,71,9,14,14,10,27,6,5,1,0,16.7,,
61,Mathieu Gorgelin,fr FRA,GK,Lens,fr Ligue 1,34,1990,1,1,90,1,0,0,4,4,100,1,0,0,1,100,0,0,0,0,,,
62,Kamil Grabara,pl POL,GK,Wolfsburg,de Bundesliga,26,1999,34,34,3060,34,69,2.03,189,120,63.5,7,8,19,2,5.9,12,7,3,2,30,,
63,Dominik Greif,sk SVK,GK,Lyon,fr Ligue 1,28,1997,29,29,2610,29,37,1.28,115,77,67.8,15,5,9,11,37.9,5,2,3,0,60,,
64,Péter Gulácsi,hu HUN,GK,RB Leipzig,de Bundesliga,35,1990,23,23,2008,22.3,32,1.43,85,52,62.4,12,4,7,9,39.1,2,2,0,0,0,,
65,Angus Gunn,sct SCO,GK,Nottingham,eng Premier League,29,1996,1,0,45,0.5,0,0,0,0,,0,0,0,0,,0,0,0,0,,,
66,Kjetil Haug,no NOR,GK,Toulouse,fr Ligue 1,27,1998,1,0,31,0.3,1,2.9,2,1,50,0,0,0,0,,0,0,0,0,,,
67,Dean Henderson,eng ENG,GK,Crystal Palace,eng Premier League,28,1997,37,37,3330,37,51,1.38,156,104,67.3,11,11,15,11,29.7,6,5,1,0,16.7,,
68,Mads Hermansen,dk DEN,GK,West Ham,eng Premier League,25,2000,18,18,1620,18,28,1.56,82,53,65.9,6,4,8,7,38.9,1,1,0,0,0,,
69,Sergio Herrera,es ESP,GK,Osasuna,es La Liga,32,1993,37,37,3284,36.5,47,1.29,160,113,70.6,11,9,17,7,18.9,8,8,0,0,0,,
70,Daniel Heuer Fernandes,pt POR,GK,Hamburger SV,de Bundesliga,32,1992,33,33,2970,33,53,1.61,158,105,66.5,9,10,14,6,18.2,10,6,2,2,25,,
71,Lukáš Hrádecký,fi FIN,GK,Monaco,fr Ligue 1,35,1989,17,17,1439,16,27,1.69,72,45,62.5,7,2,8,2,11.8,3,2,0,1,0,,
72,Franco Israel,uy URU,GK,Torino,it Serie A,25,2000,9,9,810,9,18,2,42,24,57.1,2,2,5,3,33.3,2,2,0,0,0,,
73,Karl Jakob Hein,ee EST,GK,Werder Bremen,de Bundesliga,23,2002,2,2,180,2,4,2,15,11,73.3,1,0,1,1,50,1,1,0,0,0,,
74,John,br BRA,GK,Nottingham,eng Premier League,29,1996,5,5,437,4.9,8,1.65,14,6,42.9,1,0,4,1,20,1,1,0,0,0,,
75,Karl-Johan Johnsson,se SWE,GK,Strasbourg,fr Ligue 1,35,1990,1,1,90,1,0,0,2,2,100,1,0,0,1,100,0,0,0,0,,,
76,Sam Johnstone,eng ENG,GK,Wolves,eng Premier League,32,1993,12,12,1080,12,24,2,63,39,61.9,0,2,10,0,0,1,1,0,0,0,,
77,Luiz Lúcio Reis Júnior,br BRA,GK,Villarreal,es La Liga,24,2001,28,28,2520,28,30,1.07,102,72,70.6,18,3,7,8,28.6,6,5,1,0,16.7,,
78,Filip Jørgensen,dk DEN,GK,Chelsea,eng Premier League,23,2002,5,3,379,4.2,5,1.19,13,8,61.5,1,2,0,0,0,0,0,0,0,,,
79,Bingourou Kamara,sn SEN,GK,Lorient,fr Ligue 1,28,1996,3,3,270,3,8,2.67,16,8,50,1,0,2,1,33.3,1,0,0,1,,,
80,Caoimhín Kelleher,ie IRL,GK,Brentford,eng Premier League,26,1998,37,37,3330,37,49,1.32,154,105,68.2,13,11,13,10,27,8,5,3,0,37.5,,
81,Antonín Kinský,cz CZE,GK,Tottenham,eng Premier League,22,2003,7,7,630,7,7,1,17,10,58.8,3,2,2,2,28.6,1,1,0,0,0,,
82,Carl Klaus,de GER,GK,Union Berlin,de Bundesliga,31,1994,4,3,330,3.7,4,1.09,13,9,69.2,2,1,0,1,33.3,0,0,0,0,,,
83,Gregor Kobel,ch SUI,GK,Dortmund,de Bundesliga,27,1997,34,34,3060,34,34,1,122,88,72.1,22,7,5,15,44.1,5,5,0,0,0,,
84,Hervé Koffi,bf BFA,GK,Angers,fr Ligue 1,28,1996,30,30,2658,29.5,36,1.22,157,120,77.1,9,9,12,10,33.3,6,3,2,1,40,,
85,Philipp Köhn,ch SUI,GK,Monaco,fr Ligue 1,27,1998,19,17,1621,18,27,1.5,75,48,64,9,4,4,5,29.4,2,2,0,0,0,,
86,Vladyslav Krapyvtsov,ua UKR,GK,Girona,es La Liga,20,2005,2,1,136,1.5,6,3.97,10,4,40,0,0,1,0,0,1,1,0,0,0,,
87,Senne Lammens,be BEL,GK,Manchester Utd,eng Premier League,23,2002,32,32,2880,32,39,1.22,118,78,66.9,18,10,4,8,25,4,4,0,0,0,,
88,Nicola Leali,it ITA,GK,Genoa,it Serie A,32,1993,22,21,1847,20.5,28,1.36,86,58,67.4,4,8,9,4,19,2,2,0,0,0,,
89,Bernd Leno,de GER,GK,Fulham,eng Premier League,33,1992,38,38,3420,38,51,1.34,149,98,65.8,15,7,16,9,23.7,4,3,0,1,0,,
90,Donovan Léon,gf GUF,GK,Auxerre,fr Ligue 1,32,1992,29,29,2460,27.3,35,1.28,130,95,73.1,7,9,13,9,31,3,2,1,0,33.3,,
91,Luca Lezzerini,it ITA,GK,Fiorentina,it Serie A,30,1995,1,0,4,0,0,0,0,0,,0,0,0,0,,0,0,0,0,,,
92,Anthony Lopes,pt POR,GK,Nantes,fr Ligue 1,34,1990,31,31,2788,31,50,1.61,147,97,66,4,7,20,6,19.4,5,5,0,0,0,,
93,Pau López,es ESP,GK,Real Betis,es La Liga,30,1994,9,9,810,9,11,1.22,40,29,72.5,4,2,3,2,22.2,1,0,1,0,100,,
94,Andriy Lunin,ua UKR,GK,Real Madrid,es La Liga,26,1999,6,6,540,6,7,1.17,23,16,69.6,3,2,1,1,16.7,0,0,0,0,,,
95,Mike Maignan,fr FRA,GK,Milan,it Serie A,30,1995,37,37,3295,36.6,35,0.96,141,106,75.2,19,10,8,14,37.8,8,5,2,1,28.6,,
96,Radosław Majecki,pl POL,GK,Brest,fr Ligue 1,25,1999,10,10,864,9.6,18,1.87,44,26,59.1,1,4,5,3,30,1,1,0,0,0,,
97,Pape Mamadou Sy,sn SEN,GK,Metz,fr Ligue 1,28,1997,8,8,706,7.8,20,2.55,49,29,59.2,0,3,5,2,25,1,1,0,0,0,,
98,Giorgi Mamardashvili,ge GEO,GK,Liverpool,eng Premier League,24,2000,10,10,867,9.6,18,1.87,51,33,64.7,3,1,6,2,20,2,1,1,0,50,,
99,Renato Marin,it ITA,GK,PSG,fr Ligue 1,19,2006,2,2,180,2,2,1,5,3,60,1,1,0,1,50,0,0,0,0,,,
100,Unai Marrero,es ESP,GK,Real Sociedad,es La Liga,23,2001,1,1,90,1,1,1,8,7,87.5,0,1,0,0,0,0,0,0,0,,,
101,Emiliano Martínez,ar ARG,GK,Aston Villa,eng Premier League,32,1992,32,32,2835,31.5,39,1.24,134,95,70.9,16,6,10,8,25,1,0,1,0,100,,
102,Josep Martinez,es ESP,GK,Inter,it Serie A,27,1998,5,5,450,5,4,0.8,14,10,71.4,4,1,0,3,60,0,0,0,0,,,
103,Alex Meret,it ITA,GK,Napoli,it Serie A,28,1997,11,11,979,10.9,12,1.1,33,21,63.6,9,0,2,4,36.4,2,2,0,0,0,,
104,Vanja Milinković-Savić,rs SRB,GK,Napoli,it Serie A,28,1997,27,27,2430,27,24,0.89,77,52,68.8,14,7,6,11,40.7,8,5,3,0,37.5,,
105,Horaţiu Moldovan,ro ROU,GK,Oviedo,es La Liga,27,1998,2,2,180,2,4,2,8,4,50,0,0,2,0,0,0,0,0,0,,,
106,Lorenzo Montipò,it ITA,GK,Hellas Verona,it Serie A,29,1996,35,35,3150,35,54,1.54,142,87,62,3,11,21,5,14.3,5,2,3,0,60,,
107,Edoardo Motta,it ITA,GK,Lazio,it Serie A,20,2005,9,9,810,9,10,1.11,32,22,68.8,5,2,2,3,33.3,1,0,1,0,100,,
108,Lionel Mpasi,cd COD,GK,Le Havre,fr Ligue 1,30,1994,4,3,315,3.5,2,0.57,17,15,88.2,0,2,1,1,33.3,0,0,0,0,,,
109,Arijanet Muric,xk KVX,GK,Sassuolo,it Serie A,26,1998,32,32,2880,32,43,1.34,161,118,73.3,12,6,14,6,18.8,6,5,1,0,16.7,,
110,Juan Musso,ar ARG,GK,Atlético Madrid,es La Liga,31,1994,8,8,720,8,13,1.62,35,22,62.9,4,0,4,3,37.5,3,3,0,0,0,,
111,Yvon Mvogo,ch SUI,GK,Lorient,fr Ligue 1,31,1994,31,31,2790,31,43,1.39,119,76,63.9,10,12,9,6,19.4,5,4,0,1,0,,
112,Manuel Neuer,de GER,GK,Bayern Munich,de Bundesliga,39,1986,22,22,1859,20.7,20,0.97,51,31,60.8,19,3,0,7,31.8,1,1,0,0,0,,
113,Moritz Nicolas,de GER,GK,Gladbach,de Bundesliga,27,1997,34,34,3060,34,53,1.56,189,136,72,9,11,14,13,38.2,5,5,0,0,0,,
114,Obed Nkambadio,fr FRA,GK,Paris FC,fr Ligue 1,22,2003,12,12,1080,12,21,1.75,47,26,55.3,3,3,6,1,8.3,4,2,1,1,33.3,,
115,Alexander Nübel,de GER,GK,Stuttgart,de Bundesliga,28,1996,34,34,3060,34,49,1.44,157,107,68.8,18,8,8,11,32.4,10,9,1,0,10,,
116,Ørjan Nyland,no NOR,GK,Sevilla,es La Liga,34,1990,5,5,450,5,8,1.6,19,11,57.9,1,1,3,1,20,1,1,0,0,0,,
117,Jan Oblak,si SVN,GK,Atlético Madrid,es La Liga,32,1993,30,30,2700,30,31,1.03,106,75,70.8,17,6,7,11,36.7,3,2,0,1,0,,
118,Maduka Okoye,ng NGA,GK,Udinese,it Serie A,25,1999,30,30,2616,29.1,37,1.27,117,80,68.4,12,5,13,10,33.3,6,5,1,0,16.7,,
119,Stefan Ortega,de GER,GK,Nottingham,eng Premier League,32,1992,3,3,270,3,4,1.33,12,8,66.7,0,1,2,1,33.3,0,0,0,0,,,
120,Berke Özer,tr TUR,GK,Lille,fr Ligue 1,25,2000,32,32,2834,31.5,34,1.08,105,70,67.6,18,7,7,13,40.6,3,1,1,1,50,,
121,Daniele Padelli,it ITA,GK,Udinese,it Serie A,39,1985,2,2,180,2,2,1,5,3,60,0,1,1,0,0,1,1,0,0,0,,
122,Alex Padilla,es ESP,GK,Athletic Club,es La Liga,21,2003,1,1,90,1,4,4,8,4,50,0,0,1,0,0,0,0,0,0,,,
123,Alberto Paleari,it ITA,GK,Torino,it Serie A,32,1992,29,29,2610,29,45,1.55,127,82,64.6,10,7,12,9,31,2,2,0,0,0,,
124,Iñaki Peña,es ESP,GK,Elche,es La Liga,26,1999,16,16,1440,16,28,1.75,83,55,66.3,3,4,9,4,25,2,2,0,0,0,,
125,Mike Penders,be BEL,GK,Strasbourg,fr Ligue 1,20,2005,33,33,2970,33,47,1.42,154,107,69.5,14,8,11,8,24.2,5,4,1,0,20,,
126,Simone Perilli,it ITA,GK,Hellas Verona,it Serie A,30,1995,3,3,270,3,7,2.33,15,8,53.3,0,1,2,1,33.3,0,0,0,0,,,
127,Mattia Perin,it ITA,GK,Juventus,it Serie A,32,1992,9,9,765,8.5,9,1.06,22,13,59.1,4,3,2,3,33.3,0,0,0,0,,,
128,Lucas Perri,br BRA,GK,Leeds United,eng Premier League,27,1997,16,16,1440,16,29,1.81,67,38,56.7,4,6,6,3,18.8,4,4,0,0,0,,
129,Massimo Pessina,it ITA,GK,Bologna,it Serie A,17,2007,4,3,353,3.9,2,0.51,9,7,77.8,2,1,0,3,100,0,0,0,0,,,
130,Đorđe Petrović,rs SRB,GK,Bournemouth,eng Premier League,25,1999,38,38,3420,38,54,1.42,163,109,66.9,13,18,7,11,28.9,6,6,0,0,0,,
131,Jordan Pickford,eng ENG,GK,Everton,eng Premier League,31,1994,38,38,3420,38,50,1.32,149,99,66.4,13,10,15,11,28.9,4,3,1,0,25,,
132,Oumar Pona,fr FRA,GK,Angers,fr Ligue 1,19,2006,2,2,180,2,7,3.5,13,6,46.2,0,0,2,0,0,0,0,0,0,,,
133,Nick Pope,eng ENG,GK,Newcastle,eng Premier League,33,1992,27,27,2416,26.8,38,1.42,127,89,70.1,10,5,12,7,25.9,2,2,0,0,0,,
134,Ivan Provedel,it ITA,GK,Lazio,it Serie A,31,1994,27,27,2430,27,27,1,116,87,76.7,8,10,9,12,44.4,4,3,1,0,25,,
135,Matheo Raab,de GER,GK,Union Berlin,de Bundesliga,26,1998,1,1,90,1,0,0,6,6,100,1,0,0,1,100,0,0,0,0,,,
136,Ionuț Radu,ro ROU,GK,Celta Vigo,es La Liga,28,1997,38,38,3420,38,48,1.26,159,111,69.8,14,12,12,10,26.3,11,6,2,3,25,,
137,Diant Ramaj,de GER,GK,Heidenheim,de Bundesliga,23,2001,31,31,2790,31,67,2.16,167,100,59.9,5,8,18,1,3.2,6,5,0,1,0,,
138,Aaron Ramsdale,eng ENG,GK,Newcastle,eng Premier League,27,1998,12,11,1004,11.2,17,1.52,41,24,58.5,4,2,5,1,9.1,3,3,0,0,0,,
139,Federico Ravaglia,it ITA,GK,Bologna,it Serie A,25,1999,17,16,1470,16.3,29,1.78,81,52,64.2,4,3,9,2,12.5,2,2,0,0,0,,
140,David Raya,es ESP,GK,Arsenal,eng Premier League,29,1995,37,37,3330,37,26,0.7,86,59,69.8,25,7,5,19,51.4,0,0,0,0,,,
141,Álex Remiro,es ESP,GK,Real Sociedad,es La Liga,30,1995,37,37,3330,37,60,1.62,159,99,62.3,11,12,14,3,8.1,5,5,0,0,0,,
142,Guillaume Restes,fr FRA,GK,Toulouse,fr Ligue 1,20,2005,33,33,2939,32.7,45,1.38,129,84,65.1,12,8,13,9,27.3,5,5,0,0,0,,
143,Lasse Rieß,de GER,GK,Mainz 05,de Bundesliga,24,2001,4,3,292,3.2,12,3.7,27,15,55.6,0,0,3,0,0,1,1,0,0,0,,
144,Filippo Rinaldi,it ITA,GK,Parma,it Serie A,22,2002,1,1,90,1,0,0,4,4,100,0,1,0,1,100,0,0,0,0,,,
145,Robin Risser,fr FRA,GK,Lens,fr Ligue 1,20,2004,33,33,2970,33,35,1.06,111,76,68.5,21,4,8,11,33.3,6,3,2,1,40,,
146,Robin Roefs,nl NED,GK,Sunderland,eng Premier League,22,2003,35,35,3150,35,46,1.31,154,108,70.1,12,12,11,10,28.6,3,2,1,0,33.3,,
147,Leo Román,es ESP,GK,Mallorca,es La Liga,25,2000,33,33,2970,33,50,1.52,149,99,66.4,10,7,16,4,12.1,8,6,1,1,14.3,,
148,Gerónimo Rulli,ar ARG,GK,Marseille,fr Ligue 1,33,1992,29,29,2610,29,34,1.17,110,76,69.1,15,5,9,8,27.6,6,5,0,1,0,,
149,Mathew Ryan,au AUS,GK,Levante,es La Liga,33,1992,36,36,3240,36,56,1.56,180,124,68.9,11,9,16,9,25,4,3,1,0,25,,
150,Frederik Rønnow,dk DEN,GK,Union Berlin,de Bundesliga,32,1992,30,30,2640,29.3,54,1.84,131,75,58.8,7,8,15,5,16.7,6,6,0,0,0,,
151,José Sá,pt POR,GK,Wolves,eng Premier League,32,1993,23,23,2070,23,37,1.61,102,65,63.7,3,8,12,4,17.4,3,3,0,0,0,,
152,Matvei Safonov,ru RUS,GK,PSG,fr Ligue 1,26,1999,15,15,1350,15,14,0.93,54,40,74.1,11,0,4,8,53.3,1,0,1,0,100,,
153,Brice Samba,fr FRA,GK,Rennes,fr Ligue 1,31,1994,32,32,2880,32,44,1.37,129,84,65.9,17,8,7,10,31.3,6,4,2,0,33.3,,
154,Robert Sánchez,es ESP,GK,Chelsea,eng Premier League,27,1997,35,35,3039,33.8,49,1.45,147,97,66.7,13,8,14,9,25.7,2,2,0,0,0,,
155,Kauã Santos,br BRA,GK,Frankfurt,de Bundesliga,22,2003,13,13,1084,12,32,2.66,69,37,53.6,3,4,6,2,15.4,1,1,0,0,0,,
156,Razvan Sava,ro ROU,GK,Udinese,it Serie A,23,2002,7,6,620,6.9,14,2.03,28,14,50,2,2,2,1,16.7,0,0,0,0,,,
157,Marvin Schwäbe,de GER,GK,Köln,de Bundesliga,30,1995,34,34,3060,34,63,1.85,155,92,59.4,7,11,16,3,8.8,7,5,2,0,28.6,,
158,Simone Scuffet,it ITA,GK,Pisa,it Serie A,29,1996,7,7,630,7,15,2.14,29,14,48.3,0,3,4,1,14.3,3,3,0,0,0,,
159,Matz Sels,be BEL,GK,Nottingham,eng Premier League,33,1992,31,30,2668,29.6,39,1.32,132,93,70.5,10,10,10,7,23.3,5,4,1,0,20,,
160,Adrian Šemper,hr CRO,GK,Pisa,it Serie A,27,1998,25,25,2250,25,42,1.68,124,82,66.1,1,9,15,4,16,2,2,0,0,0,,
161,Mathys Silestrie,fr FRA,GK,Rennes,fr Ligue 1,19,2005,2,2,180,2,6,3,14,8,57.1,0,0,2,0,0,0,0,0,0,,,
162,Marco Silvestri,it ITA,GK,Cremonese,it Serie A,34,1991,4,4,360,4,7,1.75,22,15,68.2,0,3,1,0,0,0,0,0,0,,,
163,Unai Simón,es ESP,GK,Athletic Club,es La Liga,28,1997,37,37,3330,37,54,1.46,151,97,64.2,13,6,18,6,16.2,6,3,2,1,40,,
164,Antonio Sivera,es ESP,GK,Alavés,es La Liga,28,1996,38,38,3420,38,56,1.47,153,97,63.4,11,10,17,5,13.2,5,5,0,0,0,,
165,Łukasz Skorupski,pl POL,GK,Bologna,it Serie A,34,1991,19,19,1592,17.7,18,1.02,51,33,64.7,10,4,5,8,42.1,2,2,0,0,0,,
166,Daniele Sommariva,it ITA,GK,Genoa,it Serie A,28,1997,2,1,176,2,4,2.05,12,8,66.7,0,0,1,0,0,0,0,0,0,,,
167,Yann Sommer,ch SUI,GK,Inter,it Serie A,36,1988,33,33,2960,32.9,30,0.91,95,64,68.4,23,5,5,15,45.5,4,4,0,0,0,,
168,David Soria,es ESP,GK,Getafe,es La Liga,32,1993,38,38,3420,38,38,1,154,115,75.3,15,6,17,12,31.6,4,1,2,1,66.7,,
169,Marco Sportiello,it ITA,GK,Atalanta,it Serie A,33,1992,1,1,90,1,1,1,4,3,75,0,1,0,0,0,0,0,0,0,,,
170,Zion Suzuki,jp JPN,GK,Parma,it Serie A,22,2002,20,20,1800,20,28,1.4,93,65,69.9,3,7,10,5,25,3,2,1,0,33.3,,
171,Mile Svilar,rs SRB,GK,Roma,it Serie A,25,1999,38,38,3420,38,31,0.82,138,107,77.5,23,4,11,18,47.4,1,1,0,0,0,,
172,Wojciech Szczęsny,pl POL,GK,Barcelona,es La Liga,35,1990,8,8,720,8,15,1.87,37,22,59.5,4,0,4,0,0,2,1,1,0,50,,
173,Sander Tangvik,no NOR,GK,Hamburger SV,de Bundesliga,22,2002,1,1,90,1,1,1,7,6,85.7,0,1,0,0,0,1,0,1,0,100,,
174,Arnau Tenas,es ESP,GK,Villarreal,es La Liga,24,2001,10,10,900,10,16,1.6,46,30,65.2,4,3,3,0,0,2,2,0,0,0,,
175,Marc-André ter Stegen,de GER,GK,Girona,es La Liga,33,1992,2,2,180,2,2,1,6,4,66.7,0,1,1,0,0,0,0,0,0,,,
176,Pietro Terracciano,it ITA,GK,Milan,it Serie A,35,1990,2,1,125,1.4,0,0,4,4,100,1,0,0,2,200,0,0,0,0,,,
177,James Trafford,eng ENG,GK,Manchester City,eng Premier League,22,2002,4,4,360,4,6,1.5,20,14,70,1,0,3,1,25,1,1,0,0,0,,
178,Kevin Trapp,de GER,GK,Paris FC,fr Ligue 1,35,1990,22,22,1980,22,29,1.32,87,56,66.7,8,8,6,7,31.8,8,6,1,1,14.3,,
179,Stefano Turati,it ITA,GK,Sassuolo,it Serie A,23,2001,6,6,532,5.9,7,1.18,22,15,68.2,2,1,3,2,33.3,0,0,0,0,,,
180,Sven Ulreich,de GER,GK,Bayern Munich,de Bundesliga,36,1988,1,1,90,1,1,1,7,6,85.7,0,1,0,0,0,0,0,0,0,,,
181,Jonas Urbig,de GER,GK,Bayern Munich,de Bundesliga,21,2003,14,11,1111,12.3,15,1.22,47,32,68.1,9,1,1,6,54.5,2,1,0,1,0,,
182,Hákon Valdimarsson,is ISL,GK,Brentford,eng Premier League,23,2001,1,1,90,1,3,3,4,1,25,1,0,0,0,0,0,0,0,0,,,
183,Álvaro Vallés,es ESP,GK,Real Betis,es La Liga,28,1997,28,28,2520,28,36,1.29,123,87,70.7,10,13,5,8,28.6,6,4,1,1,20,,
184,Maarten Vandevoordt,be BEL,GK,RB Leipzig,de Bundesliga,23,2002,12,11,1052,11.7,15,1.28,45,30,66.7,8,1,2,2,18.2,1,0,1,0,100,,
185,Nikola Vasilj,ba BIH,GK,St Pauli,de Bundesliga,29,1995,34,34,3060,34,60,1.76,183,123,67.2,6,8,20,5,14.7,6,3,2,1,40,,
186,Bart Verbruggen,nl NED,GK,Brighton,eng Premier League,22,2002,38,38,3420,38,46,1.21,151,103,69.5,14,11,13,10,26.3,6,5,1,0,16.7,,
187,Guglielmo Vicario,it ITA,GK,Tottenham,eng Premier League,28,1996,31,31,2790,31,50,1.61,133,83,62.4,7,9,15,7,22.6,2,2,0,0,0,,
188,Odysseas Vlachodimos,gr GRE,GK,Sevilla,es La Liga,31,1994,33,33,2970,33,52,1.58,140,88,62.9,11,6,16,5,15.2,10,8,1,1,11.1,,
189,Max Weiß,de GER,GK,Burnley,eng Premier League,21,2004,3,3,270,3,4,1.33,14,10,71.4,0,2,1,0,0,1,1,0,0,0,,
190,Freddie Woodman,eng ENG,GK,Liverpool,eng Premier League,28,1997,3,2,213,2.4,4,1.69,13,9,69.2,1,0,1,0,0,0,0,0,0,,,
191,Gioele Zacchi,it ITA,GK,Sassuolo,it Serie A,22,2003,1,0,8,0.1,0,0,0,0,,0,0,0,0,,0,0,0,0,,,
192,Robin Zentner,de GER,GK,Mainz 05,de Bundesliga,30,1994,10,10,876,9.7,14,1.44,45,31,68.9,1,3,6,0,0,0,0,0,0,,,
193,Michael Zetterer,de GER,GK,Frankfurt,de Bundesliga,30,1995,22,21,1976,22,33,1.5,95,62,65.3,8,7,6,6,28.6,2,2,0,0,0,,
194,Melvin Zinga,fr FRA,GK,Angers,fr Ligue 1,23,2002,3,2,222,2.5,5,2.03,13,8,61.5,0,0,2,0,0,0,0,0,0,,,
